<?xml version="1.0" encoding="UTF-8"?>
<!DOCTYPE mapper PUBLIC "-//mybatis.org//DTD Mapper 3.0//EN" "http://mybatis.org/dtd/mybatis-3-mapper.dtd">
<mapper namespace="top.tangyh.lamp.paigongyun.dao.cloud.CloudDecorationProcessMapper">
    <!-- 通用查询映射结果 -->
    <resultMap id="BaseResultMap" type="top.tangyh.lamp.paigongyun.entity.cloud.CloudDecorationProcess">
		  <result column="ID" property="id" jdbcType="CHAR" />
		  <result column="PROCESS_TYPE" property="processType" jdbcType="CHAR" />
		  <result column="PROCEDURE_NAME" property="procedureName" jdbcType="VARCHAR" />
		  <result column="CLOUD_WORK_TYPE_CONF_ID" property="cloudWorkTypeConfId" jdbcType="CHAR" />
		  <result column="WORK_TYPE_NAME" property="workTypeName" jdbcType="VARCHAR" />
		  <result column="CLOUD_CLASS_GROUP_ID" property="cloudClassGroupId" jdbcType="CHAR" />
		  <result column="GROUP_NAME" property="groupName" jdbcType="VARCHAR" />
		  <result column="INSTRUCTIONS" property="instructions" jdbcType="VARCHAR" />
		  <result column="STATUS" property="status" jdbcType="CHAR" />
		  <result column="STANDARD_PRICE" property="standardPrice" jdbcType="DECIMAL" />
		  <result column="DAILY_WORKLOAD" property="dailyWorkload" jdbcType="VARCHAR" />
		  <result column="UNIT_NAME" property="unitName" jdbcType="VARCHAR" />
		  <result column="SQUARE_METER_ROOM_LABOR" property="squareMeterRoomLabor" jdbcType="VARCHAR" />
		  <result column="DAILY_STANDARD_PRODUCTIVITY" property="dailyStandardProductivity" jdbcType="VARCHAR" />
		  <result column="ACCEPTANCE_DELAY_DAYS" property="acceptanceDelayDays" jdbcType="INTEGER" />
        <result column="created_time" jdbcType="TIMESTAMP" property="createdTime"/>
        <result column="created_by" jdbcType="BIGINT" property="createdBy"/>
        <result column="updated_time" jdbcType="TIMESTAMP" property="updatedTime"/>
        <result column="updated_by" jdbcType="BIGINT" property="updatedBy"/>
    </resultMap>
    <!-- 通用查询结果列 -->
    <sql id="Base_Column_List">
      ID,
      PROCESS_TYPE,
      PROCEDURE_NAME,
      CLOUD_WORK_TYPE_CONF_ID,
      WORK_TYPE_NAME,
      CLOUD_CLASS_GROUP_ID,
      GROUP_NAME,
      INSTRUCTIONS,
      STATUS,
      STANDARD_PRICE,
      DAILY_WORKLOAD,
      UNIT_NAME,
      SQUARE_METER_ROOM_LABOR,
      DAILY_STANDARD_PRODUCTIVITY,
      ACCEPTANCE_DELAY_DAYS,
        created_time,created_by,updated_time,updated_by
    </sql>
    <select id="selectWorkTypeConfId" resultType="java.lang.String">
        select ID from cloud_work_type_conf where WORK_TYPE_NAME = #{workTypeName};
    </select>

    <select id="getCloudClassGroupId" resultType="java.lang.String">
        select ID from cloud_work_type_group_conf where GROUP_NAME = #{groupName};
    </select>
    <select id="getListByWorkTypeId"
            resultType="top.tangyh.lamp.paigongyun.entity.cloud.CloudWorkTypeGroupConf">
        select * from cloud_work_type_group_conf wtg
               left join cloud_work_type_conf wt on wt.ID = wtg.CLOUD_WORK_TYPE_CONF_ID
        where wt.WORK_TYPE_NAME = #{workTypeName};
    </select>


</mapper>
