<?xml version="1.0" encoding="UTF-8"?>
<!DOCTYPE mapper PUBLIC "-//mybatis.org//DTD Mapper 3.0//EN" "http://mybatis.org/dtd/mybatis-3-mapper.dtd">
<mapper namespace="top.tangyh.lamp.paigongyun.dao.cloud.CloudWorkTypeConfMapper">
    <!-- 通用查询映射结果 -->
    <resultMap id="BaseResultMap" type="top.tangyh.lamp.paigongyun.entity.cloud.CloudWorkTypeConf">
		  <result column="ID" property="id" jdbcType="CHAR" />
		  <result column="WORK_TYPE_NAME" property="workTypeName" jdbcType="VARCHAR" />
		  <result column="REMARK" property="remark" jdbcType="VARCHAR" />
        <result column="created_time" jdbcType="TIMESTAMP" property="createdTime"/>
        <result column="created_by" jdbcType="BIGINT" property="createdBy"/>
        <result column="updated_time" jdbcType="TIMESTAMP" property="updatedTime"/>
        <result column="updated_by" jdbcType="BIGINT" property="updatedBy"/>
    </resultMap>
    <!-- 通用查询结果列 -->
    <sql id="Base_Column_List">
      ID,
      WORK_TYPE_NAME,
      REMARK,
        created_time,created_by,updated_time,updated_by
    </sql>
        <select id="getIdByWorkTypeName" resultType="long">
            SELECT DISTINCT t1.ID FROM cloud_work_type_conf t1 WHERE t1.WORK_TYPE_NAME = #{workTypeName} ;
        </select>
</mapper>
