<?xml version="1.0" encoding="UTF-8"?>
<!DOCTYPE mapper PUBLIC "-//mybatis.org//DTD Mapper 3.0//EN" "http://mybatis.org/dtd/mybatis-3-mapper.dtd">
<mapper namespace="top.tangyh.lamp.paigongyun.dao.cloud.CloudWorkerRegistrationMapper">
    <!-- 通用查询映射结果 -->
    <resultMap id="BaseResultMap" type="top.tangyh.lamp.paigongyun.entity.cloud.CloudWorkerRegistration">
		  <result column="ID" property="id" jdbcType="CHAR" />
		  <result column="NAME" property="name" jdbcType="VARCHAR" />
		  <result column="ID_NUMBER" property="idNumber" jdbcType="VARCHAR" />
		  <result column="NATIVE_PLACE" property="nativePlace" jdbcType="VARCHAR" />
		  <result column="CLOUD_WORK_TYPE_CONF_ID" property="cloudWorkTypeConfId" jdbcType="CHAR" />
		  <result column="WORK_TYPE_NAME" property="workTypeName" jdbcType="VARCHAR" />
		  <result column="EDUCATION" property="education" jdbcType="CHAR" />
		  <result column="FRONT_ID_CARD" property="frontIdCard" jdbcType="VARCHAR" />
		  <result column="BACK_ID_CARD" property="backIdCard" jdbcType="VARCHAR" />
        <result column="created_time" jdbcType="TIMESTAMP" property="createdTime"/>
        <result column="created_by" jdbcType="BIGINT" property="createdBy"/>
        <result column="updated_time" jdbcType="TIMESTAMP" property="updatedTime"/>
        <result column="updated_by" jdbcType="BIGINT" property="updatedBy"/>
    </resultMap>
    <!-- 通用查询结果列 -->
    <sql id="Base_Column_List">
      ID,
      NAME,
      ID_NUMBER,
      NATIVE_PLACE,
      CLOUD_WORK_TYPE_CONF_ID,
      WORK_TYPE_NAME,
      EDUCATION,
      FRONT_ID_CARD,
      BACK_ID_CARD,
        created_time,created_by,updated_time,updated_by
    </sql>

    <select id="getIdNumberList" resultType="String">
        SELECT ID_NUMBER FROM cloud_worker_registration;
    </select>
</mapper>
